repository,issue_number,issue_state
ToyotaResearchInstitute/gauges2,36,open
ToyotaResearchInstitute/gauges2,27,closed
ToyotaResearchInstitute/gauges2,26,closed
ToyotaResearchInstitute/gauges2,25,closed
ToyotaResearchInstitute/gauges2,18,closed
ToyotaResearchInstitute/gauges2,11,closed
ToyotaResearchInstitute/gauges2,9,closed
ToyotaResearchInstitute/gauges2,8,closed
ToyotaResearchInstitute/gauges2,6,open
ToyotaResearchInstitute/gauges2,5,closed
ToyotaResearchInstitute/gauges2,1,closed
SBG-Systems/sbg_ros2_driver,70,open
SBG-Systems/sbg_ros2_driver,68,open
SBG-Systems/sbg_ros2_driver,66,open
SBG-Systems/sbg_ros2_driver,65,open
SBG-Systems/sbg_ros2_driver,64,open
SBG-Systems/sbg_ros2_driver,62,closed
SBG-Systems/sbg_ros2_driver,60,closed
SBG-Systems/sbg_ros2_driver,58,closed
SBG-Systems/sbg_ros2_driver,57,open
SBG-Systems/sbg_ros2_driver,56,open
SBG-Systems/sbg_ros2_driver,55,open
SBG-Systems/sbg_ros2_driver,54,open
SBG-Systems/sbg_ros2_driver,52,closed
SBG-Systems/sbg_ros2_driver,51,closed
SBG-Systems/sbg_ros2_driver,50,open
SBG-Systems/sbg_ros2_driver,48,open
SBG-Systems/sbg_ros2_driver,47,closed
SBG-Systems/sbg_ros2_driver,40,closed
SBG-Systems/sbg_ros2_driver,33,closed
SBG-Systems/sbg_ros2_driver,30,closed
SBG-Systems/sbg_ros2_driver,27,closed
SBG-Systems/sbg_ros2_driver,24,closed
SBG-Systems/sbg_ros2_driver,23,closed
SBG-Systems/sbg_ros2_driver,22,closed
SBG-Systems/sbg_ros2_driver,21,closed
SBG-Systems/sbg_ros2_driver,20,closed
SBG-Systems/sbg_ros2_driver,14,closed
SBG-Systems/sbg_ros2_driver,34,closed
SBG-Systems/sbg_ros2_driver,10,closed
SBG-Systems/sbg_ros2_driver,8,closed
SBG-Systems/sbg_ros2_driver,6,closed
SBG-Systems/sbg_ros2_driver,5,closed
SBG-Systems/sbg_ros2_driver,35,closed
SBG-Systems/sbg_ros2_driver,4,closed
SBG-Systems/sbg_ros2_driver,3,closed
SBG-Systems/sbg_ros2_driver,2,closed
Barry-Xu-2018/ros2_service_load_balancing,6,closed
Barry-Xu-2018/ros2_service_load_balancing,5,open
MetroRobots/ros_system_fingerprint,29,open
MetroRobots/ros_system_fingerprint,23,closed
MetroRobots/ros_system_fingerprint,22,closed
MetroRobots/ros_system_fingerprint,15,open
MetroRobots/ros_system_fingerprint,13,closed
MetroRobots/ros_system_fingerprint,5,closed
MetroRobots/ros_system_fingerprint,2,closed
namo-robotics/ros2_system_webview,2,open
namo-robotics/ros2_system_webview,1,closed
ros2/system_tests,584,open
ros2/system_tests,561,open
ros2/system_tests,559,closed
ros2/system_tests,557,closed
ros2/system_tests,517,closed
ros2/system_tests,511,open
ros2/system_tests,502,closed
ros2/system_tests,498,open
ros2/system_tests,496,open
ros2/system_tests,487,closed
ros2/system_tests,486,open
ros2/system_tests,484,closed
ros2/system_tests,477,closed
ros2/system_tests,476,open
ros2/system_tests,469,closed
ros2/system_tests,468,closed
ros2/system_tests,464,closed
ros2/system_tests,461,closed
ros2/system_tests,458,closed
ros2/system_tests,452,closed
ros2/system_tests,451,closed
ros2/system_tests,445,closed
ros2/system_tests,443,closed
ros2/system_tests,435,closed
ros2/system_tests,446,closed
ros2/system_tests,432,closed
ros2/system_tests,429,open
ros2/system_tests,424,open
ros2/system_tests,420,closed
ros2/system_tests,418,open
ros2/system_tests,417,open
ros2/system_tests,407,closed
ros2/system_tests,405,open
ros2/system_tests,404,open
ros2/system_tests,399,closed
ros2/system_tests,396,open
ros2/system_tests,365,open
ros2/system_tests,360,closed
ros2/system_tests,359,closed
ros2/system_tests,332,closed
ros2/system_tests,319,open
ros2/system_tests,318,open
ros2/system_tests,317,open
ros2/system_tests,305,closed
ros2/system_tests,291,closed
ros2/system_tests,290,closed
ros2/system_tests,282,open
ros2/system_tests,279,open
ros2/system_tests,261,open
ros2/system_tests,242,closed
ros2/system_tests,238,open
ros2/system_tests,237,open
ros2/system_tests,214,open
ros2/system_tests,212,closed
ros2/system_tests,209,open
ros2/system_tests,195,closed
ros2/system_tests,191,closed
ros2/system_tests,154,closed
ros2/system_tests,153,closed
ros2/system_tests,143,closed
ros2/system_tests,137,closed
ros2/system_tests,134,closed
ros2/system_tests,123,closed
ros2/system_tests,93,closed
ros2/system_tests,92,closed
ros2/system_tests,50,closed
ros2/system_tests,43,closed
ros2/system_tests,39,closed
ros2/system_tests,37,closed
ros2/system_tests,36,closed
ros2/system_tests,22,closed
ros2/system_tests,10,closed
ros2/system_tests,8,closed
ros2/system_tests,7,closed
UniversalRobots/Universal_Robots_ROS2_Driver,1773,open
UniversalRobots/Universal_Robots_ROS2_Driver,1768,open
UniversalRobots/Universal_Robots_ROS2_Driver,1749,closed
UniversalRobots/Universal_Robots_ROS2_Driver,1711,open
UniversalRobots/Universal_Robots_ROS2_Driver,1706,closed
UniversalRobots/Universal_Robots_ROS2_Driver,1688,open
UniversalRobots/Universal_Robots_ROS2_Driver,1681,closed
UniversalRobots/Universal_Robots_ROS2_Driver,1680,open
UniversalRobots/Universal_Robots_ROS2_Driver,1677,open
UniversalRobots/Universal_Robots_ROS2_Driver,1676,closed
UniversalRobots/Universal_Robots_ROS2_Driver,1673,closed
UniversalRobots/Universal_Robots_ROS2_Driver,1672,open
UniversalRobots/Universal_Robots_ROS2_Driver,1659,open
UniversalRobots/Universal_Robots_ROS2_Driver,1658,open
UniversalRobots/Universal_Robots_ROS2_Driver,1657,closed
UniversalRobots/Universal_Robots_ROS2_Driver,1656,open
UniversalRobots/Universal_Robots_ROS2_Driver,1650,open
UniversalRobots/Universal_Robots_ROS2_Driver,1649,closed
UniversalRobots/Universal_Robots_ROS2_Driver,1648,open
UniversalRobots/Universal_Robots_ROS2_Driver,1642,open
UniversalRobots/Universal_Robots_ROS2_Driver,1626,closed
UniversalRobots/Universal_Robots_ROS2_Driver,1624,open
UniversalRobots/Universal_Robots_ROS2_Driver,1623,closed
UniversalRobots/Universal_Robots_ROS2_Driver,1612,closed
UniversalRobots/Universal_Robots_ROS2_Driver,1611,open
UniversalRobots/Universal_Robots_ROS2_Driver,1591,open
UniversalRobots/Universal_Robots_ROS2_Driver,1575,closed
UniversalRobots/Universal_Robots_ROS2_Driver,1542,closed
UniversalRobots/Universal_Robots_ROS2_Driver,1541,closed
UniversalRobots/Universal_Robots_ROS2_Driver,1538,closed
UniversalRobots/Universal_Robots_ROS2_Driver,1537,open
UniversalRobots/Universal_Robots_ROS2_Driver,1514,closed
UniversalRobots/Universal_Robots_ROS2_Driver,1513,open
UniversalRobots/Universal_Robots_ROS2_Driver,1512,open
UniversalRobots/Universal_Robots_ROS2_Driver,1510,closed
UniversalRobots/Universal_Robots_ROS2_Driver,1505,closed
UniversalRobots/Universal_Robots_ROS2_Driver,1482,closed
UniversalRobots/Universal_Robots_ROS2_Driver,1481,closed
UniversalRobots/Universal_Robots_ROS2_Driver,1478,open
UniversalRobots/Universal_Robots_ROS2_Driver,1473,open
UniversalRobots/Universal_Robots_ROS2_Driver,1468,open
UniversalRobots/Universal_Robots_ROS2_Driver,1463,closed
UniversalRobots/Universal_Robots_ROS2_Driver,1460,closed
UniversalRobots/Universal_Robots_ROS2_Driver,1459,closed
UniversalRobots/Universal_Robots_ROS2_Driver,1457,closed
UniversalRobots/Universal_Robots_ROS2_Driver,1446,open
UniversalRobots/Universal_Robots_ROS2_Driver,1439,closed
UniversalRobots/Universal_Robots_ROS2_Driver,1423,closed
UniversalRobots/Universal_Robots_ROS2_Driver,1420,closed
UniversalRobots/Universal_Robots_ROS2_Driver,1416,open
UniversalRobots/Universal_Robots_ROS2_Driver,1414,open
UniversalRobots/Universal_Robots_ROS2_Driver,1403,closed
UniversalRobots/Universal_Robots_ROS2_Driver,1399,closed
UniversalRobots/Universal_Robots_ROS2_Driver,1384,closed
UniversalRobots/Universal_Robots_ROS2_Driver,1377,closed
UniversalRobots/Universal_Robots_ROS2_Driver,1375,closed
UniversalRobots/Universal_Robots_ROS2_Driver,1366,closed
UniversalRobots/Universal_Robots_ROS2_Driver,1365,closed
UniversalRobots/Universal_Robots_ROS2_Driver,1357,open
UniversalRobots/Universal_Robots_ROS2_Driver,1356,open
UniversalRobots/Universal_Robots_ROS2_Driver,1352,open
UniversalRobots/Universal_Robots_ROS2_Driver,1349,open
UniversalRobots/Universal_Robots_ROS2_Driver,1346,closed
UniversalRobots/Universal_Robots_ROS2_Driver,1343,closed
UniversalRobots/Universal_Robots_ROS2_Driver,1334,closed
UniversalRobots/Universal_Robots_ROS2_Driver,1329,closed
UniversalRobots/Universal_Robots_ROS2_Driver,1326,closed
UniversalRobots/Universal_Robots_ROS2_Driver,1322,closed
UniversalRobots/Universal_Robots_ROS2_Driver,1319,closed
UniversalRobots/Universal_Robots_ROS2_Driver,1317,closed
UniversalRobots/Universal_Robots_ROS2_Driver,1312,open
UniversalRobots/Universal_Robots_ROS2_Driver,1311,open
UniversalRobots/Universal_Robots_ROS2_Driver,1309,closed
UniversalRobots/Universal_Robots_ROS2_Driver,1308,closed
UniversalRobots/Universal_Robots_ROS2_Driver,1307,closed
UniversalRobots/Universal_Robots_ROS2_Driver,1306,closed
UniversalRobots/Universal_Robots_ROS2_Driver,1305,closed
UniversalRobots/Universal_Robots_ROS2_Driver,1298,closed
UniversalRobots/Universal_Robots_ROS2_Driver,1296,closed
UniversalRobots/Universal_Robots_ROS2_Driver,1294,closed
UniversalRobots/Universal_Robots_ROS2_Driver,1293,closed
UniversalRobots/Universal_Robots_ROS2_Driver,1291,closed
UniversalRobots/Universal_Robots_ROS2_Driver,1290,open
UniversalRobots/Universal_Robots_ROS2_Driver,1281,closed
UniversalRobots/Universal_Robots_ROS2_Driver,1279,closed
UniversalRobots/Universal_Robots_ROS2_Driver,1277,closed
UniversalRobots/Universal_Robots_ROS2_Driver,1273,open
UniversalRobots/Universal_Robots_ROS2_Driver,1272,closed
UniversalRobots/Universal_Robots_ROS2_Driver,1267,closed
UniversalRobots/Universal_Robots_ROS2_Driver,1264,closed
UniversalRobots/Universal_Robots_ROS2_Driver,1259,closed
UniversalRobots/Universal_Robots_ROS2_Driver,1258,closed
UniversalRobots/Universal_Robots_ROS2_Driver,1252,closed
UniversalRobots/Universal_Robots_ROS2_Driver,1251,open
UniversalRobots/Universal_Robots_ROS2_Driver,1250,closed
UniversalRobots/Universal_Robots_ROS2_Driver,1246,closed
UniversalRobots/Universal_Robots_ROS2_Driver,1236,closed
UniversalRobots/Universal_Robots_ROS2_Driver,1235,closed
UniversalRobots/Universal_Robots_ROS2_Driver,1231,closed
UniversalRobots/Universal_Robots_ROS2_Driver,1228,closed
UniversalRobots/Universal_Robots_ROS2_Driver,1225,closed
UniversalRobots/Universal_Robots_ROS2_Driver,1223,closed
UniversalRobots/Universal_Robots_ROS2_Driver,1206,closed
UniversalRobots/Universal_Robots_ROS2_Driver,1205,closed
UniversalRobots/Universal_Robots_ROS2_Driver,1202,closed
UniversalRobots/Universal_Robots_ROS2_Driver,1201,closed
UniversalRobots/Universal_Robots_ROS2_Driver,1196,closed
UniversalRobots/Universal_Robots_ROS2_Driver,1195,closed
UniversalRobots/Universal_Robots_ROS2_Driver,1192,closed
UniversalRobots/Universal_Robots_ROS2_Driver,1191,closed
UniversalRobots/Universal_Robots_ROS2_Driver,1188,closed
UniversalRobots/Universal_Robots_ROS2_Driver,1186,closed
UniversalRobots/Universal_Robots_ROS2_Driver,1180,closed
UniversalRobots/Universal_Robots_ROS2_Driver,1179,closed
UniversalRobots/Universal_Robots_ROS2_Driver,1178,closed
UniversalRobots/Universal_Robots_ROS2_Driver,1174,closed
UniversalRobots/Universal_Robots_ROS2_Driver,1161,closed
UniversalRobots/Universal_Robots_ROS2_Driver,1160,closed
UniversalRobots/Universal_Robots_ROS2_Driver,1158,closed
UniversalRobots/Universal_Robots_ROS2_Driver,1157,closed
UniversalRobots/Universal_Robots_ROS2_Driver,1143,closed
UniversalRobots/Universal_Robots_ROS2_Driver,1141,closed
UniversalRobots/Universal_Robots_ROS2_Driver,1135,closed
UniversalRobots/Universal_Robots_ROS2_Driver,1129,closed
UniversalRobots/Universal_Robots_ROS2_Driver,1116,closed
UniversalRobots/Universal_Robots_ROS2_Driver,1111,closed
UniversalRobots/Universal_Robots_ROS2_Driver,1109,closed
UniversalRobots/Universal_Robots_ROS2_Driver,1103,closed
UniversalRobots/Universal_Robots_ROS2_Driver,1100,closed
UniversalRobots/Universal_Robots_ROS2_Driver,1097,closed
UniversalRobots/Universal_Robots_ROS2_Driver,1095,closed
UniversalRobots/Universal_Robots_ROS2_Driver,1090,closed
UniversalRobots/Universal_Robots_ROS2_Driver,1086,closed
UniversalRobots/Universal_Robots_ROS2_Driver,1085,closed
UniversalRobots/Universal_Robots_ROS2_Driver,1084,closed
UniversalRobots/Universal_Robots_ROS2_Driver,1083,closed
UniversalRobots/Universal_Robots_ROS2_Driver,1079,closed
UniversalRobots/Universal_Robots_ROS2_Driver,1072,closed
UniversalRobots/Universal_Robots_ROS2_Driver,1070,closed
UniversalRobots/Universal_Robots_ROS2_Driver,1069,closed
UniversalRobots/Universal_Robots_ROS2_Driver,1062,closed
UniversalRobots/Universal_Robots_ROS2_Driver,1061,closed
UniversalRobots/Universal_Robots_ROS2_Driver,1056,closed
UniversalRobots/Universal_Robots_ROS2_Driver,1048,closed
UniversalRobots/Universal_Robots_ROS2_Driver,1047,closed
UniversalRobots/Universal_Robots_ROS2_Driver,1046,closed
UniversalRobots/Universal_Robots_ROS2_Driver,1044,closed
UniversalRobots/Universal_Robots_ROS2_Driver,1037,closed
UniversalRobots/Universal_Robots_ROS2_Driver,1035,closed
UniversalRobots/Universal_Robots_ROS2_Driver,1034,open
UniversalRobots/Universal_Robots_ROS2_Driver,1032,closed
UniversalRobots/Universal_Robots_ROS2_Driver,1030,closed
UniversalRobots/Universal_Robots_ROS2_Driver,1028,closed
UniversalRobots/Universal_Robots_ROS2_Driver,1021,closed
UniversalRobots/Universal_Robots_ROS2_Driver,1016,open
UniversalRobots/Universal_Robots_ROS2_Driver,1015,closed
UniversalRobots/Universal_Robots_ROS2_Driver,1013,closed
UniversalRobots/Universal_Robots_ROS2_Driver,1007,closed
UniversalRobots/Universal_Robots_ROS2_Driver,997,closed
UniversalRobots/Universal_Robots_ROS2_Driver,993,closed
UniversalRobots/Universal_Robots_ROS2_Driver,983,closed
UniversalRobots/Universal_Robots_ROS2_Driver,982,closed
UniversalRobots/Universal_Robots_ROS2_Driver,980,closed
UniversalRobots/Universal_Robots_ROS2_Driver,979,closed
UniversalRobots/Universal_Robots_ROS2_Driver,976,open
UniversalRobots/Universal_Robots_ROS2_Driver,975,closed
UniversalRobots/Universal_Robots_ROS2_Driver,974,closed
UniversalRobots/Universal_Robots_ROS2_Driver,973,closed
UniversalRobots/Universal_Robots_ROS2_Driver,972,closed
UniversalRobots/Universal_Robots_ROS2_Driver,966,closed
UniversalRobots/Universal_Robots_ROS2_Driver,965,closed
UniversalRobots/Universal_Robots_ROS2_Driver,959,closed
UniversalRobots/Universal_Robots_ROS2_Driver,957,closed
UniversalRobots/Universal_Robots_ROS2_Driver,956,open
UniversalRobots/Universal_Robots_ROS2_Driver,955,closed
UniversalRobots/Universal_Robots_ROS2_Driver,954,closed
UniversalRobots/Universal_Robots_ROS2_Driver,952,closed
UniversalRobots/Universal_Robots_ROS2_Driver,947,closed
UniversalRobots/Universal_Robots_ROS2_Driver,942,closed
UniversalRobots/Universal_Robots_ROS2_Driver,941,open
UniversalRobots/Universal_Robots_ROS2_Driver,938,closed
UniversalRobots/Universal_Robots_ROS2_Driver,935,closed
UniversalRobots/Universal_Robots_ROS2_Driver,934,closed
UniversalRobots/Universal_Robots_ROS2_Driver,932,closed
UniversalRobots/Universal_Robots_ROS2_Driver,931,closed
UniversalRobots/Universal_Robots_ROS2_Driver,989,closed
UniversalRobots/Universal_Robots_ROS2_Driver,926,closed
UniversalRobots/Universal_Robots_ROS2_Driver,925,closed
UniversalRobots/Universal_Robots_ROS2_Driver,924,open
UniversalRobots/Universal_Robots_ROS2_Driver,918,closed
UniversalRobots/Universal_Robots_ROS2_Driver,917,closed
UniversalRobots/Universal_Robots_ROS2_Driver,912,open
UniversalRobots/Universal_Robots_ROS2_Driver,911,closed
UniversalRobots/Universal_Robots_ROS2_Driver,910,closed
UniversalRobots/Universal_Robots_ROS2_Driver,909,closed
UniversalRobots/Universal_Robots_ROS2_Driver,908,closed
UniversalRobots/Universal_Robots_ROS2_Driver,907,closed
UniversalRobots/Universal_Robots_ROS2_Driver,905,open
UniversalRobots/Universal_Robots_ROS2_Driver,904,closed
UniversalRobots/Universal_Robots_ROS2_Driver,903,closed
UniversalRobots/Universal_Robots_ROS2_Driver,901,closed
UniversalRobots/Universal_Robots_ROS2_Driver,900,closed
UniversalRobots/Universal_Robots_ROS2_Driver,898,closed
UniversalRobots/Universal_Robots_ROS2_Driver,897,closed
UniversalRobots/Universal_Robots_ROS2_Driver,893,closed
UniversalRobots/Universal_Robots_ROS2_Driver,889,closed
UniversalRobots/Universal_Robots_ROS2_Driver,869,closed
UniversalRobots/Universal_Robots_ROS2_Driver,866,closed
UniversalRobots/Universal_Robots_ROS2_Driver,864,closed
UniversalRobots/Universal_Robots_ROS2_Driver,863,closed
UniversalRobots/Universal_Robots_ROS2_Driver,862,closed
UniversalRobots/Universal_Robots_ROS2_Driver,860,open
UniversalRobots/Universal_Robots_ROS2_Driver,855,closed
UniversalRobots/Universal_Robots_ROS2_Driver,851,closed
UniversalRobots/Universal_Robots_ROS2_Driver,844,closed
UniversalRobots/Universal_Robots_ROS2_Driver,843,open
UniversalRobots/Universal_Robots_ROS2_Driver,842,open
UniversalRobots/Universal_Robots_ROS2_Driver,840,closed
UniversalRobots/Universal_Robots_ROS2_Driver,839,closed
UniversalRobots/Universal_Robots_ROS2_Driver,838,open
UniversalRobots/Universal_Robots_ROS2_Driver,836,closed
UniversalRobots/Universal_Robots_ROS2_Driver,832,closed
UniversalRobots/Universal_Robots_ROS2_Driver,830,closed
UniversalRobots/Universal_Robots_ROS2_Driver,829,open
UniversalRobots/Universal_Robots_ROS2_Driver,828,closed
UniversalRobots/Universal_Robots_ROS2_Driver,826,closed
UniversalRobots/Universal_Robots_ROS2_Driver,825,closed
UniversalRobots/Universal_Robots_ROS2_Driver,824,closed
UniversalRobots/Universal_Robots_ROS2_Driver,823,closed
UniversalRobots/Universal_Robots_ROS2_Driver,822,closed
UniversalRobots/Universal_Robots_ROS2_Driver,819,closed
UniversalRobots/Universal_Robots_ROS2_Driver,818,closed
UniversalRobots/Universal_Robots_ROS2_Driver,817,closed
UniversalRobots/Universal_Robots_ROS2_Driver,814,closed
UniversalRobots/Universal_Robots_ROS2_Driver,812,open
UniversalRobots/Universal_Robots_ROS2_Driver,801,closed
UniversalRobots/Universal_Robots_ROS2_Driver,800,closed
UniversalRobots/Universal_Robots_ROS2_Driver,799,closed
UniversalRobots/Universal_Robots_ROS2_Driver,796,closed
UniversalRobots/Universal_Robots_ROS2_Driver,794,closed
UniversalRobots/Universal_Robots_ROS2_Driver,793,closed
UniversalRobots/Universal_Robots_ROS2_Driver,792,closed
UniversalRobots/Universal_Robots_ROS2_Driver,791,closed
UniversalRobots/Universal_Robots_ROS2_Driver,789,closed
UniversalRobots/Universal_Robots_ROS2_Driver,788,closed
UniversalRobots/Universal_Robots_ROS2_Driver,787,closed
UniversalRobots/Universal_Robots_ROS2_Driver,786,closed
UniversalRobots/Universal_Robots_ROS2_Driver,783,closed
UniversalRobots/Universal_Robots_ROS2_Driver,778,closed
UniversalRobots/Universal_Robots_ROS2_Driver,777,closed
UniversalRobots/Universal_Robots_ROS2_Driver,776,closed
UniversalRobots/Universal_Robots_ROS2_Driver,772,closed
UniversalRobots/Universal_Robots_ROS2_Driver,771,closed
UniversalRobots/Universal_Robots_ROS2_Driver,770,closed
UniversalRobots/Universal_Robots_ROS2_Driver,769,closed
UniversalRobots/Universal_Robots_ROS2_Driver,767,closed
UniversalRobots/Universal_Robots_ROS2_Driver,766,closed
UniversalRobots/Universal_Robots_ROS2_Driver,765,closed
UniversalRobots/Universal_Robots_ROS2_Driver,763,closed
UniversalRobots/Universal_Robots_ROS2_Driver,762,closed
UniversalRobots/Universal_Robots_ROS2_Driver,761,closed
UniversalRobots/Universal_Robots_ROS2_Driver,758,closed
UniversalRobots/Universal_Robots_ROS2_Driver,750,closed
UniversalRobots/Universal_Robots_ROS2_Driver,748,closed
UniversalRobots/Universal_Robots_ROS2_Driver,747,closed
UniversalRobots/Universal_Robots_ROS2_Driver,746,closed
UniversalRobots/Universal_Robots_ROS2_Driver,740,closed
UniversalRobots/Universal_Robots_ROS2_Driver,738,closed
UniversalRobots/Universal_Robots_ROS2_Driver,737,closed
UniversalRobots/Universal_Robots_ROS2_Driver,734,closed
UniversalRobots/Universal_Robots_ROS2_Driver,731,closed
UniversalRobots/Universal_Robots_ROS2_Driver,726,closed
UniversalRobots/Universal_Robots_ROS2_Driver,724,closed
UniversalRobots/Universal_Robots_ROS2_Driver,723,closed
UniversalRobots/Universal_Robots_ROS2_Driver,720,closed
UniversalRobots/Universal_Robots_ROS2_Driver,718,closed
UniversalRobots/Universal_Robots_ROS2_Driver,717,closed
UniversalRobots/Universal_Robots_ROS2_Driver,716,closed
UniversalRobots/Universal_Robots_ROS2_Driver,714,closed
UniversalRobots/Universal_Robots_ROS2_Driver,712,closed
UniversalRobots/Universal_Robots_ROS2_Driver,711,closed
UniversalRobots/Universal_Robots_ROS2_Driver,701,closed
UniversalRobots/Universal_Robots_ROS2_Driver,698,closed
UniversalRobots/Universal_Robots_ROS2_Driver,697,closed
UniversalRobots/Universal_Robots_ROS2_Driver,694,closed
UniversalRobots/Universal_Robots_ROS2_Driver,691,closed
UniversalRobots/Universal_Robots_ROS2_Driver,687,closed
UniversalRobots/Universal_Robots_ROS2_Driver,686,closed
UniversalRobots/Universal_Robots_ROS2_Driver,683,closed
UniversalRobots/Universal_Robots_ROS2_Driver,680,closed
UniversalRobots/Universal_Robots_ROS2_Driver,678,closed
UniversalRobots/Universal_Robots_ROS2_Driver,677,closed
UniversalRobots/Universal_Robots_ROS2_Driver,676,closed
UniversalRobots/Universal_Robots_ROS2_Driver,674,closed
UniversalRobots/Universal_Robots_ROS2_Driver,665,closed
UniversalRobots/Universal_Robots_ROS2_Driver,663,closed
UniversalRobots/Universal_Robots_ROS2_Driver,662,closed
UniversalRobots/Universal_Robots_ROS2_Driver,660,closed
UniversalRobots/Universal_Robots_ROS2_Driver,656,closed
UniversalRobots/Universal_Robots_ROS2_Driver,644,closed
UniversalRobots/Universal_Robots_ROS2_Driver,642,closed
UniversalRobots/Universal_Robots_ROS2_Driver,638,closed
UniversalRobots/Universal_Robots_ROS2_Driver,632,closed
UniversalRobots/Universal_Robots_ROS2_Driver,630,open
UniversalRobots/Universal_Robots_ROS2_Driver,625,closed
UniversalRobots/Universal_Robots_ROS2_Driver,620,closed
UniversalRobots/Universal_Robots_ROS2_Driver,619,closed
UniversalRobots/Universal_Robots_ROS2_Driver,617,closed
UniversalRobots/Universal_Robots_ROS2_Driver,611,open
UniversalRobots/Universal_Robots_ROS2_Driver,606,closed
UniversalRobots/Universal_Robots_ROS2_Driver,604,closed
UniversalRobots/Universal_Robots_ROS2_Driver,602,closed
UniversalRobots/Universal_Robots_ROS2_Driver,601,closed
UniversalRobots/Universal_Robots_ROS2_Driver,597,closed
UniversalRobots/Universal_Robots_ROS2_Driver,591,closed
UniversalRobots/Universal_Robots_ROS2_Driver,588,closed
UniversalRobots/Universal_Robots_ROS2_Driver,586,closed
UniversalRobots/Universal_Robots_ROS2_Driver,585,closed
UniversalRobots/Universal_Robots_ROS2_Driver,584,closed
UniversalRobots/Universal_Robots_ROS2_Driver,583,closed
UniversalRobots/Universal_Robots_ROS2_Driver,581,closed
UniversalRobots/Universal_Robots_ROS2_Driver,580,closed
UniversalRobots/Universal_Robots_ROS2_Driver,578,open
UniversalRobots/Universal_Robots_ROS2_Driver,577,closed
UniversalRobots/Universal_Robots_ROS2_Driver,575,closed
UniversalRobots/Universal_Robots_ROS2_Driver,574,closed
UniversalRobots/Universal_Robots_ROS2_Driver,572,closed
UniversalRobots/Universal_Robots_ROS2_Driver,571,closed
UniversalRobots/Universal_Robots_ROS2_Driver,570,closed
UniversalRobots/Universal_Robots_ROS2_Driver,569,closed
UniversalRobots/Universal_Robots_ROS2_Driver,560,closed
UniversalRobots/Universal_Robots_ROS2_Driver,554,closed
UniversalRobots/Universal_Robots_ROS2_Driver,550,closed
UniversalRobots/Universal_Robots_ROS2_Driver,549,closed
UniversalRobots/Universal_Robots_ROS2_Driver,542,closed
UniversalRobots/Universal_Robots_ROS2_Driver,541,closed
UniversalRobots/Universal_Robots_ROS2_Driver,540,closed
UniversalRobots/Universal_Robots_ROS2_Driver,538,closed
UniversalRobots/Universal_Robots_ROS2_Driver,537,closed
UniversalRobots/Universal_Robots_ROS2_Driver,536,closed
UniversalRobots/Universal_Robots_ROS2_Driver,535,closed
UniversalRobots/Universal_Robots_ROS2_Driver,534,closed
UniversalRobots/Universal_Robots_ROS2_Driver,533,closed
UniversalRobots/Universal_Robots_ROS2_Driver,532,closed
UniversalRobots/Universal_Robots_ROS2_Driver,1740,closed
UniversalRobots/Universal_Robots_ROS2_Driver,531,closed
UniversalRobots/Universal_Robots_ROS2_Driver,530,closed
UniversalRobots/Universal_Robots_ROS2_Driver,529,closed
UniversalRobots/Universal_Robots_ROS2_Driver,525,closed
UniversalRobots/Universal_Robots_ROS2_Driver,523,closed
UniversalRobots/Universal_Robots_ROS2_Driver,522,closed
UniversalRobots/Universal_Robots_ROS2_Driver,521,closed
UniversalRobots/Universal_Robots_ROS2_Driver,520,closed
UniversalRobots/Universal_Robots_ROS2_Driver,519,closed
UniversalRobots/Universal_Robots_ROS2_Driver,517,closed
UniversalRobots/Universal_Robots_ROS2_Driver,515,closed
UniversalRobots/Universal_Robots_ROS2_Driver,513,closed
UniversalRobots/Universal_Robots_ROS2_Driver,511,closed
UniversalRobots/Universal_Robots_ROS2_Driver,509,closed
UniversalRobots/Universal_Robots_ROS2_Driver,508,closed
UniversalRobots/Universal_Robots_ROS2_Driver,507,closed
UniversalRobots/Universal_Robots_ROS2_Driver,504,closed
UniversalRobots/Universal_Robots_ROS2_Driver,503,closed
UniversalRobots/Universal_Robots_ROS2_Driver,502,closed
UniversalRobots/Universal_Robots_ROS2_Driver,500,closed
UniversalRobots/Universal_Robots_ROS2_Driver,499,closed
UniversalRobots/Universal_Robots_ROS2_Driver,498,closed
UniversalRobots/Universal_Robots_ROS2_Driver,497,closed
UniversalRobots/Universal_Robots_ROS2_Driver,493,closed
UniversalRobots/Universal_Robots_ROS2_Driver,491,closed
UniversalRobots/Universal_Robots_ROS2_Driver,488,closed
UniversalRobots/Universal_Robots_ROS2_Driver,487,closed
UniversalRobots/Universal_Robots_ROS2_Driver,485,closed
UniversalRobots/Universal_Robots_ROS2_Driver,481,closed
UniversalRobots/Universal_Robots_ROS2_Driver,477,closed
UniversalRobots/Universal_Robots_ROS2_Driver,476,closed
UniversalRobots/Universal_Robots_ROS2_Driver,475,closed
UniversalRobots/Universal_Robots_ROS2_Driver,474,closed
UniversalRobots/Universal_Robots_ROS2_Driver,471,closed
UniversalRobots/Universal_Robots_ROS2_Driver,468,closed
UniversalRobots/Universal_Robots_ROS2_Driver,467,closed
UniversalRobots/Universal_Robots_ROS2_Driver,465,closed
UniversalRobots/Universal_Robots_ROS2_Driver,462,closed
UniversalRobots/Universal_Robots_ROS2_Driver,460,closed
UniversalRobots/Universal_Robots_ROS2_Driver,457,closed
UniversalRobots/Universal_Robots_ROS2_Driver,452,closed
UniversalRobots/Universal_Robots_ROS2_Driver,447,closed
UniversalRobots/Universal_Robots_ROS2_Driver,445,closed
UniversalRobots/Universal_Robots_ROS2_Driver,444,closed
UniversalRobots/Universal_Robots_ROS2_Driver,442,closed
UniversalRobots/Universal_Robots_ROS2_Driver,440,closed
UniversalRobots/Universal_Robots_ROS2_Driver,438,closed
UniversalRobots/Universal_Robots_ROS2_Driver,437,closed
UniversalRobots/Universal_Robots_ROS2_Driver,435,closed
UniversalRobots/Universal_Robots_ROS2_Driver,434,closed
UniversalRobots/Universal_Robots_ROS2_Driver,433,closed
UniversalRobots/Universal_Robots_ROS2_Driver,430,closed
UniversalRobots/Universal_Robots_ROS2_Driver,428,closed
UniversalRobots/Universal_Robots_ROS2_Driver,424,closed
UniversalRobots/Universal_Robots_ROS2_Driver,420,closed
UniversalRobots/Universal_Robots_ROS2_Driver,418,closed
UniversalRobots/Universal_Robots_ROS2_Driver,417,closed
UniversalRobots/Universal_Robots_ROS2_Driver,413,closed
UniversalRobots/Universal_Robots_ROS2_Driver,401,closed
UniversalRobots/Universal_Robots_ROS2_Driver,390,closed
UniversalRobots/Universal_Robots_ROS2_Driver,388,closed
UniversalRobots/Universal_Robots_ROS2_Driver,387,closed
UniversalRobots/Universal_Robots_ROS2_Driver,384,closed
UniversalRobots/Universal_Robots_ROS2_Driver,383,closed
UniversalRobots/Universal_Robots_ROS2_Driver,382,closed
UniversalRobots/Universal_Robots_ROS2_Driver,381,closed
UniversalRobots/Universal_Robots_ROS2_Driver,380,closed
UniversalRobots/Universal_Robots_ROS2_Driver,379,closed
UniversalRobots/Universal_Robots_ROS2_Driver,378,closed
UniversalRobots/Universal_Robots_ROS2_Driver,374,closed
UniversalRobots/Universal_Robots_ROS2_Driver,370,closed
UniversalRobots/Universal_Robots_ROS2_Driver,367,closed
UniversalRobots/Universal_Robots_ROS2_Driver,365,closed
UniversalRobots/Universal_Robots_ROS2_Driver,361,closed
UniversalRobots/Universal_Robots_ROS2_Driver,355,closed
UniversalRobots/Universal_Robots_ROS2_Driver,350,closed
UniversalRobots/Universal_Robots_ROS2_Driver,349,open
UniversalRobots/Universal_Robots_ROS2_Driver,347,closed
UniversalRobots/Universal_Robots_ROS2_Driver,343,closed
UniversalRobots/Universal_Robots_ROS2_Driver,342,closed
UniversalRobots/Universal_Robots_ROS2_Driver,341,closed
UniversalRobots/Universal_Robots_ROS2_Driver,334,closed
UniversalRobots/Universal_Robots_ROS2_Driver,331,closed
UniversalRobots/Universal_Robots_ROS2_Driver,330,open
UniversalRobots/Universal_Robots_ROS2_Driver,328,closed
UniversalRobots/Universal_Robots_ROS2_Driver,327,closed
UniversalRobots/Universal_Robots_ROS2_Driver,323,closed
UniversalRobots/Universal_Robots_ROS2_Driver,322,closed
UniversalRobots/Universal_Robots_ROS2_Driver,320,closed
UniversalRobots/Universal_Robots_ROS2_Driver,318,closed
UniversalRobots/Universal_Robots_ROS2_Driver,317,closed
UniversalRobots/Universal_Robots_ROS2_Driver,315,closed
UniversalRobots/Universal_Robots_ROS2_Driver,314,closed
UniversalRobots/Universal_Robots_ROS2_Driver,307,closed
UniversalRobots/Universal_Robots_ROS2_Driver,305,closed
UniversalRobots/Universal_Robots_ROS2_Driver,301,closed
UniversalRobots/Universal_Robots_ROS2_Driver,299,closed
UniversalRobots/Universal_Robots_ROS2_Driver,296,closed
UniversalRobots/Universal_Robots_ROS2_Driver,295,closed
UniversalRobots/Universal_Robots_ROS2_Driver,294,closed
UniversalRobots/Universal_Robots_ROS2_Driver,292,closed
UniversalRobots/Universal_Robots_ROS2_Driver,291,closed
UniversalRobots/Universal_Robots_ROS2_Driver,290,closed
UniversalRobots/Universal_Robots_ROS2_Driver,289,closed
UniversalRobots/Universal_Robots_ROS2_Driver,284,closed
UniversalRobots/Universal_Robots_ROS2_Driver,279,closed
UniversalRobots/Universal_Robots_ROS2_Driver,276,closed
UniversalRobots/Universal_Robots_ROS2_Driver,275,closed
UniversalRobots/Universal_Robots_ROS2_Driver,274,closed
UniversalRobots/Universal_Robots_ROS2_Driver,271,closed
UniversalRobots/Universal_Robots_ROS2_Driver,270,closed
UniversalRobots/Universal_Robots_ROS2_Driver,265,closed
UniversalRobots/Universal_Robots_ROS2_Driver,264,closed
UniversalRobots/Universal_Robots_ROS2_Driver,262,closed
UniversalRobots/Universal_Robots_ROS2_Driver,261,closed
UniversalRobots/Universal_Robots_ROS2_Driver,260,closed
UniversalRobots/Universal_Robots_ROS2_Driver,259,closed
UniversalRobots/Universal_Robots_ROS2_Driver,258,closed
UniversalRobots/Universal_Robots_ROS2_Driver,257,closed
UniversalRobots/Universal_Robots_ROS2_Driver,256,closed
UniversalRobots/Universal_Robots_ROS2_Driver,255,closed
UniversalRobots/Universal_Robots_ROS2_Driver,254,closed
UniversalRobots/Universal_Robots_ROS2_Driver,253,closed
UniversalRobots/Universal_Robots_ROS2_Driver,252,closed
UniversalRobots/Universal_Robots_ROS2_Driver,251,closed
UniversalRobots/Universal_Robots_ROS2_Driver,247,closed
UniversalRobots/Universal_Robots_ROS2_Driver,246,closed
UniversalRobots/Universal_Robots_ROS2_Driver,244,closed
UniversalRobots/Universal_Robots_ROS2_Driver,240,closed
UniversalRobots/Universal_Robots_ROS2_Driver,236,closed
UniversalRobots/Universal_Robots_ROS2_Driver,235,closed
UniversalRobots/Universal_Robots_ROS2_Driver,234,closed
UniversalRobots/Universal_Robots_ROS2_Driver,230,closed
UniversalRobots/Universal_Robots_ROS2_Driver,228,closed
UniversalRobots/Universal_Robots_ROS2_Driver,210,closed
UniversalRobots/Universal_Robots_ROS2_Driver,202,closed
UniversalRobots/Universal_Robots_ROS2_Driver,201,closed
UniversalRobots/Universal_Robots_ROS2_Driver,199,closed
UniversalRobots/Universal_Robots_ROS2_Driver,197,closed
UniversalRobots/Universal_Robots_ROS2_Driver,196,closed
UniversalRobots/Universal_Robots_ROS2_Driver,195,closed
UniversalRobots/Universal_Robots_ROS2_Driver,193,closed
UniversalRobots/Universal_Robots_ROS2_Driver,192,closed
UniversalRobots/Universal_Robots_ROS2_Driver,190,closed
UniversalRobots/Universal_Robots_ROS2_Driver,183,closed
UniversalRobots/Universal_Robots_ROS2_Driver,182,closed
UniversalRobots/Universal_Robots_ROS2_Driver,181,closed
UniversalRobots/Universal_Robots_ROS2_Driver,174,closed
UniversalRobots/Universal_Robots_ROS2_Driver,172,closed
UniversalRobots/Universal_Robots_ROS2_Driver,169,closed
UniversalRobots/Universal_Robots_ROS2_Driver,168,closed
UniversalRobots/Universal_Robots_ROS2_Driver,167,closed
UniversalRobots/Universal_Robots_ROS2_Driver,165,closed
UniversalRobots/Universal_Robots_ROS2_Driver,163,closed
UniversalRobots/Universal_Robots_ROS2_Driver,159,closed
UniversalRobots/Universal_Robots_ROS2_Driver,155,closed
UniversalRobots/Universal_Robots_ROS2_Driver,150,closed
UniversalRobots/Universal_Robots_ROS2_Driver,148,closed
UniversalRobots/Universal_Robots_ROS2_Driver,147,closed
UniversalRobots/Universal_Robots_ROS2_Driver,145,closed
UniversalRobots/Universal_Robots_ROS2_Driver,140,closed
UniversalRobots/Universal_Robots_ROS2_Driver,138,closed
UniversalRobots/Universal_Robots_ROS2_Driver,137,closed
UniversalRobots/Universal_Robots_ROS2_Driver,135,closed
UniversalRobots/Universal_Robots_ROS2_Driver,134,closed
UniversalRobots/Universal_Robots_ROS2_Driver,131,closed
UniversalRobots/Universal_Robots_ROS2_Driver,129,closed
UniversalRobots/Universal_Robots_ROS2_Driver,128,closed
UniversalRobots/Universal_Robots_ROS2_Driver,127,closed
UniversalRobots/Universal_Robots_ROS2_Driver,123,closed
UniversalRobots/Universal_Robots_ROS2_Driver,122,closed
UniversalRobots/Universal_Robots_ROS2_Driver,120,closed
UniversalRobots/Universal_Robots_ROS2_Driver,118,closed
UniversalRobots/Universal_Robots_ROS2_Driver,117,closed
UniversalRobots/Universal_Robots_ROS2_Driver,116,closed
UniversalRobots/Universal_Robots_ROS2_Driver,114,closed
UniversalRobots/Universal_Robots_ROS2_Driver,113,closed
UniversalRobots/Universal_Robots_ROS2_Driver,111,closed
UniversalRobots/Universal_Robots_ROS2_Driver,110,closed
UniversalRobots/Universal_Robots_ROS2_Driver,109,closed
UniversalRobots/Universal_Robots_ROS2_Driver,107,closed
UniversalRobots/Universal_Robots_ROS2_Driver,99,closed
UniversalRobots/Universal_Robots_ROS2_Driver,98,closed
UniversalRobots/Universal_Robots_ROS2_Driver,96,closed
UniversalRobots/Universal_Robots_ROS2_Driver,95,closed
UniversalRobots/Universal_Robots_ROS2_Driver,94,closed
UniversalRobots/Universal_Robots_ROS2_Driver,93,closed
UniversalRobots/Universal_Robots_ROS2_Driver,90,closed
UniversalRobots/Universal_Robots_ROS2_Driver,89,closed
UniversalRobots/Universal_Robots_ROS2_Driver,87,closed
UniversalRobots/Universal_Robots_ROS2_Driver,79,closed
UniversalRobots/Universal_Robots_ROS2_Driver,78,closed
UniversalRobots/Universal_Robots_ROS2_Driver,77,closed
UniversalRobots/Universal_Robots_ROS2_Driver,76,closed
UniversalRobots/Universal_Robots_ROS2_Driver,75,closed
UniversalRobots/Universal_Robots_ROS2_Driver,74,closed
UniversalRobots/Universal_Robots_ROS2_Driver,73,closed
UniversalRobots/Universal_Robots_ROS2_Driver,72,closed
UniversalRobots/Universal_Robots_ROS2_Driver,69,closed
UniversalRobots/Universal_Robots_ROS2_Driver,67,closed
UniversalRobots/Universal_Robots_ROS2_Driver,65,closed
UniversalRobots/Universal_Robots_ROS2_Driver,64,closed
UniversalRobots/Universal_Robots_ROS2_Driver,57,closed
UniversalRobots/Universal_Robots_ROS2_Driver,52,closed
UniversalRobots/Universal_Robots_ROS2_Driver,51,closed
UniversalRobots/Universal_Robots_ROS2_Driver,50,closed
UniversalRobots/Universal_Robots_ROS2_Driver,49,closed
UniversalRobots/Universal_Robots_ROS2_Driver,48,closed
UniversalRobots/Universal_Robots_ROS2_Driver,47,closed
UniversalRobots/Universal_Robots_ROS2_Driver,46,closed
UniversalRobots/Universal_Robots_ROS2_Driver,45,closed
UniversalRobots/Universal_Robots_ROS2_Driver,44,closed
UniversalRobots/Universal_Robots_ROS2_Driver,36,closed
UniversalRobots/Universal_Robots_ROS2_Driver,35,closed
UniversalRobots/Universal_Robots_ROS2_Driver,34,closed
UniversalRobots/Universal_Robots_ROS2_Driver,31,closed
UniversalRobots/Universal_Robots_ROS2_Driver,30,open
UniversalRobots/Universal_Robots_ROS2_Driver,29,closed
UniversalRobots/Universal_Robots_ROS2_Driver,28,closed
UniversalRobots/Universal_Robots_ROS2_Driver,27,closed
UniversalRobots/Universal_Robots_ROS2_Driver,26,closed
UniversalRobots/Universal_Robots_ROS2_Driver,25,closed
UniversalRobots/Universal_Robots_ROS2_Driver,24,closed
UniversalRobots/Universal_Robots_ROS2_Driver,23,closed
UniversalRobots/Universal_Robots_ROS2_Driver,22,closed
UniversalRobots/Universal_Robots_ROS2_Driver,21,closed
UniversalRobots/Universal_Robots_ROS2_Driver,20,closed
UniversalRobots/Universal_Robots_ROS2_Driver,19,closed
UniversalRobots/Universal_Robots_ROS2_Driver,18,closed
UniversalRobots/Universal_Robots_ROS2_Driver,17,closed
UniversalRobots/Universal_Robots_ROS2_Driver,16,closed
UniversalRobots/Universal_Robots_ROS2_Driver,15,closed
UniversalRobots/Universal_Robots_ROS2_Driver,13,closed
UniversalRobots/Universal_Robots_ROS2_Driver,7,closed
UniversalRobots/Universal_Robots_ROS2_Description,381,closed
UniversalRobots/Universal_Robots_ROS2_Description,377,closed
UniversalRobots/Universal_Robots_ROS2_Description,376,open
UniversalRobots/Universal_Robots_ROS2_Description,354,closed
UniversalRobots/Universal_Robots_ROS2_Description,336,closed
UniversalRobots/Universal_Robots_ROS2_Description,327,closed
UniversalRobots/Universal_Robots_ROS2_Description,318,closed
UniversalRobots/Universal_Robots_ROS2_Description,309,closed
UniversalRobots/Universal_Robots_ROS2_Description,298,closed
UniversalRobots/Universal_Robots_ROS2_Description,272,closed
UniversalRobots/Universal_Robots_ROS2_Description,263,closed
UniversalRobots/Universal_Robots_ROS2_Description,257,closed
UniversalRobots/Universal_Robots_ROS2_Description,240,closed
UniversalRobots/Universal_Robots_ROS2_Description,236,open
UniversalRobots/Universal_Robots_ROS2_Description,231,closed
UniversalRobots/Universal_Robots_ROS2_Description,228,closed
UniversalRobots/Universal_Robots_ROS2_Description,227,closed
UniversalRobots/Universal_Robots_ROS2_Description,217,closed
UniversalRobots/Universal_Robots_ROS2_Description,186,closed
UniversalRobots/Universal_Robots_ROS2_Description,174,closed
UniversalRobots/Universal_Robots_ROS2_Description,165,closed
UniversalRobots/Universal_Robots_ROS2_Description,159,closed
UniversalRobots/Universal_Robots_ROS2_Description,149,closed
UniversalRobots/Universal_Robots_ROS2_Description,146,closed
UniversalRobots/Universal_Robots_ROS2_Description,141,closed
UniversalRobots/Universal_Robots_ROS2_Description,139,open
UniversalRobots/Universal_Robots_ROS2_Description,137,closed
UniversalRobots/Universal_Robots_ROS2_Description,131,closed
UniversalRobots/Universal_Robots_ROS2_Description,112,open
UniversalRobots/Universal_Robots_ROS2_Description,92,open
UniversalRobots/Universal_Robots_ROS2_Description,91,closed
UniversalRobots/Universal_Robots_ROS2_Description,90,closed
UniversalRobots/Universal_Robots_ROS2_Description,82,closed
UniversalRobots/Universal_Robots_ROS2_Description,79,closed
UniversalRobots/Universal_Robots_ROS2_Description,76,closed
UniversalRobots/Universal_Robots_ROS2_Description,74,closed
UniversalRobots/Universal_Robots_ROS2_Description,71,closed
UniversalRobots/Universal_Robots_ROS2_Description,69,closed
UniversalRobots/Universal_Robots_ROS2_Description,67,closed
UniversalRobots/Universal_Robots_ROS2_Description,65,closed
UniversalRobots/Universal_Robots_ROS2_Description,53,open
UniversalRobots/Universal_Robots_ROS2_Description,49,closed
UniversalRobots/Universal_Robots_ROS2_Description,46,closed
UniversalRobots/Universal_Robots_ROS2_Description,45,closed
UniversalRobots/Universal_Robots_ROS2_Description,42,closed
UniversalRobots/Universal_Robots_ROS2_Description,36,closed
UniversalRobots/Universal_Robots_ROS2_Description,35,closed
UniversalRobots/Universal_Robots_ROS2_Description,33,closed
UniversalRobots/Universal_Robots_ROS2_Description,32,closed
UniversalRobots/Universal_Robots_ROS2_Description,31,closed
UniversalRobots/Universal_Robots_ROS2_Description,19,closed
UniversalRobots/Universal_Robots_ROS2_Description,6,closed
ros/urdf_parser_py,92,open
ros/urdf_parser_py,90,open
ros/urdf_parser_py,89,open
ros/urdf_parser_py,86,closed
ros/urdf_parser_py,85,open
ros/urdf_parser_py,82,open
ros/urdf_parser_py,81,closed
ros/urdf_parser_py,79,closed
ros/urdf_parser_py,75,open
ros/urdf_parser_py,72,closed
ros/urdf_parser_py,70,closed
ros/urdf_parser_py,69,closed
ros/urdf_parser_py,68,closed
ros/urdf_parser_py,65,closed
ros/urdf_parser_py,59,closed
ros/urdf_parser_py,58,open
ros/urdf_parser_py,51,closed
ros/urdf_parser_py,50,closed
ros/urdf_parser_py,44,open
ros/urdf_parser_py,42,open
ros/urdf_parser_py,36,open
ros/urdf_parser_py,34,open
ros/urdf_parser_py,33,open
ros/urdf_parser_py,30,open
ros/urdf_parser_py,29,closed
ros/urdf_parser_py,27,closed
ros/urdf_parser_py,24,closed
ros/urdf_parser_py,23,closed
ros/urdf_parser_py,13,closed
ros/urdf_parser_py,9,closed
ros/urdf_parser_py,7,closed
ros/urdf_parser_py,6,closed
ros/urdf_parser_py,3,closed
eclipse-zenoh/zenoh-plugin-dds,684,open
eclipse-zenoh/zenoh-plugin-dds,683,open
eclipse-zenoh/zenoh-plugin-dds,676,open
eclipse-zenoh/zenoh-plugin-dds,592,closed
eclipse-zenoh/zenoh-plugin-dds,526,open
eclipse-zenoh/zenoh-plugin-dds,517,open
eclipse-zenoh/zenoh-plugin-dds,516,closed
eclipse-zenoh/zenoh-plugin-dds,512,closed
eclipse-zenoh/zenoh-plugin-dds,507,closed
eclipse-zenoh/zenoh-plugin-dds,499,closed
eclipse-zenoh/zenoh-plugin-dds,496,closed
eclipse-zenoh/zenoh-plugin-dds,412,closed
eclipse-zenoh/zenoh-plugin-dds,402,open
eclipse-zenoh/zenoh-plugin-dds,385,closed
eclipse-zenoh/zenoh-plugin-dds,346,closed
eclipse-zenoh/zenoh-plugin-dds,325,closed
eclipse-zenoh/zenoh-plugin-dds,297,open
eclipse-zenoh/zenoh-plugin-dds,279,closed
eclipse-zenoh/zenoh-plugin-dds,221,closed
eclipse-zenoh/zenoh-plugin-dds,216,closed
eclipse-zenoh/zenoh-plugin-dds,212,closed
eclipse-zenoh/zenoh-plugin-dds,192,closed
eclipse-zenoh/zenoh-plugin-dds,183,open
eclipse-zenoh/zenoh-plugin-dds,179,closed
eclipse-zenoh/zenoh-plugin-dds,169,closed
eclipse-zenoh/zenoh-plugin-dds,166,open
eclipse-zenoh/zenoh-plugin-dds,165,closed
eclipse-zenoh/zenoh-plugin-dds,164,open
eclipse-zenoh/zenoh-plugin-dds,161,closed
eclipse-zenoh/zenoh-plugin-dds,158,closed
eclipse-zenoh/zenoh-plugin-dds,157,closed
eclipse-zenoh/zenoh-plugin-dds,156,closed
eclipse-zenoh/zenoh-plugin-dds,154,open
eclipse-zenoh/zenoh-plugin-dds,153,closed
eclipse-zenoh/zenoh-plugin-dds,151,open
eclipse-zenoh/zenoh-plugin-dds,149,closed
eclipse-zenoh/zenoh-plugin-dds,143,closed
eclipse-zenoh/zenoh-plugin-dds,138,closed
eclipse-zenoh/zenoh-plugin-dds,135,closed
eclipse-zenoh/zenoh-plugin-dds,132,open
eclipse-zenoh/zenoh-plugin-dds,127,closed
eclipse-zenoh/zenoh-plugin-dds,118,open
eclipse-zenoh/zenoh-plugin-dds,117,closed
eclipse-zenoh/zenoh-plugin-dds,116,closed
eclipse-zenoh/zenoh-plugin-dds,115,closed
eclipse-zenoh/zenoh-plugin-dds,111,closed
eclipse-zenoh/zenoh-plugin-dds,106,closed
eclipse-zenoh/zenoh-plugin-dds,105,closed
eclipse-zenoh/zenoh-plugin-dds,102,closed
eclipse-zenoh/zenoh-plugin-dds,101,closed
eclipse-zenoh/zenoh-plugin-dds,100,closed
eclipse-zenoh/zenoh-plugin-dds,85,closed
eclipse-zenoh/zenoh-plugin-dds,83,closed
eclipse-zenoh/zenoh-plugin-dds,80,closed
eclipse-zenoh/zenoh-plugin-dds,78,closed
eclipse-zenoh/zenoh-plugin-dds,75,closed
eclipse-zenoh/zenoh-plugin-dds,73,closed
eclipse-zenoh/zenoh-plugin-dds,72,closed
eclipse-zenoh/zenoh-plugin-dds,66,closed
eclipse-zenoh/zenoh-plugin-dds,65,closed
eclipse-zenoh/zenoh-plugin-dds,64,open
eclipse-zenoh/zenoh-plugin-dds,63,closed
eclipse-zenoh/zenoh-plugin-dds,62,closed
eclipse-zenoh/zenoh-plugin-dds,61,closed
eclipse-zenoh/zenoh-plugin-dds,53,closed
eclipse-zenoh/zenoh-plugin-dds,52,closed
eclipse-zenoh/zenoh-plugin-dds,51,closed
eclipse-zenoh/zenoh-plugin-dds,50,closed
eclipse-zenoh/zenoh-plugin-dds,49,open
eclipse-zenoh/zenoh-plugin-dds,48,closed
eclipse-zenoh/zenoh-plugin-dds,47,closed
eclipse-zenoh/zenoh-plugin-dds,43,closed
eclipse-zenoh/zenoh-plugin-dds,42,closed
eclipse-zenoh/zenoh-plugin-dds,36,closed
eclipse-zenoh/zenoh-plugin-dds,35,closed
eclipse-zenoh/zenoh-plugin-dds,34,closed
eclipse-zenoh/zenoh-plugin-dds,33,closed
eclipse-zenoh/zenoh-plugin-dds,32,closed
eclipse-zenoh/zenoh-plugin-dds,30,closed
eclipse-zenoh/zenoh-plugin-dds,29,closed
eclipse-zenoh/zenoh-plugin-dds,27,closed
eclipse-zenoh/zenoh-plugin-dds,26,closed
eclipse-zenoh/zenoh-plugin-dds,25,closed
eclipse-zenoh/zenoh-plugin-dds,24,closed
eclipse-zenoh/zenoh-plugin-dds,23,closed
eclipse-zenoh/zenoh-plugin-dds,21,closed
eclipse-zenoh/zenoh-plugin-dds,20,closed
eclipse-zenoh/zenoh-plugin-dds,19,closed
eclipse-zenoh/zenoh-plugin-dds,16,closed
eclipse-zenoh/zenoh-plugin-dds,15,closed
eclipse-zenoh/zenoh-plugin-dds,13,closed
eclipse-zenoh/zenoh-plugin-dds,12,closed
eclipse-zenoh/zenoh-plugin-dds,10,closed
eclipse-zenoh/zenoh-plugin-dds,7,closed
eclipse-zenoh/zenoh-plugin-dds,6,closed
